patient_id,patient_name,gender,age,city,blood_group,registration_date
1001,Patient_1001,Male,71,Lucknow,B-,7/24/2023
1002,Patient_1002,Female,80,Agra,B-,8/4/2024
1003,Patient_1003,Male,34,Delhi,O+,4/20/2025
1004,Patient_1004,Male,26,Noida,B+,8/18/2024
1005,Patient_1005,Male,50,Delhi,O-,9/7/2023
1006,Patient_1006,Female,70,Meerut,O+,5/24/2025
1007,Patient_1007,Male,37,Jaipur,AB-,7/15/2023
1008,Patient_1008,Male,30,Ghaziabad,AB-,11/20/2024
1009,Patient_1009,Male,45,Noida,A-,12/29/2025
1010,Patient_1010,Female,65,Delhi,B-,9/30/2024
1011,Patient_1011,Male,46,Muzaffarnagar,B+,11/2/2024
1012,Patient_1012,Male,30,Noida,B+,3/17/2026
1013,Patient_1013,Male,63,Jaipur,AB+,8/1/2025
1014,Patient_1014,Male,52,Agra,AB+,7/18/2023
1015,Patient_1015,Female,78,Noida,O+,5/6/2024
1016,Patient_1016,Male,23,Agra,B+,6/14/2025
1017,Patient_1017,Female,35,Jaipur,O+,5/22/2023
1018,Patient_1018,Female,68,Delhi,O-,6/14/2023
1019,Patient_1019,Female,22,Jaipur,O+,11/10/2023
1020,Patient_1020,Male,64,Noida,AB+,1/21/2023
1021,Patient_1021,Female,42,Muzaffarnagar,B-,1/10/2026
1022,Patient_1022,Male,19,Lucknow,O+,2/28/2026
1023,Patient_1023,Female,27,Noida,A+,9/10/2025
1024,Patient_1024,Female,73,Jaipur,B-,11/1/2023
1025,Patient_1025,Female,47,Lucknow,B+,1/6/2024
1026,Patient_1026,Female,67,Jaipur,B+,5/2/2025
1027,Patient_1027,Female,76,Muzaffarnagar,O+,1/19/2024
1028,Patient_1028,Female,62,Jaipur,B-,3/20/2024
1029,Patient_1029,Female,22,Delhi,AB+,2/29/2024
1030,Patient_1030,Female,72,Ghaziabad,AB+,6/10/2023
1031,Patient_1031,Male,73,Agra,AB-,9/20/2024
1032,Patient_1032,Male,50,Agra,B+,6/13/2025
1033,Patient_1033,Female,71,Noida,A-,5/4/2024
1034,Patient_1034,Female,18,Ghaziabad,AB-,10/13/2025
1035,Patient_1035,Female,35,Jaipur,AB+,11/23/2023
1036,Patient_1036,Male,49,Muzaffarnagar,B-,8/20/2024
1037,Patient_1037,Female,64,Noida,O-,10/11/2025
1038,Patient_1038,Male,66,Jaipur,AB+,10/16/2023
1039,Patient_1039,Male,28,Lucknow,B-,8/15/2024
1040,Patient_1040,Male,38,Meerut,AB-,7/26/2024
1041,Patient_1041,Male,43,Jaipur,B+,1/28/2023
1042,Patient_1042,Male,80,Ghaziabad,AB+,8/11/2025
1043,Patient_1043,Female,42,Noida,O+,2/12/2023
1044,Patient_1044,Female,39,Ghaziabad,B-,2/27/2024
1045,Patient_1045,Female,76,Noida,B+,6/26/2023
1046,Patient_1046,Female,44,Jaipur,O-,6/12/2024
1047,Patient_1047,Female,66,Delhi,O-,8/23/2025
1048,Patient_1048,Male,30,Lucknow,A-,7/17/2023
1049,Patient_1049,Female,50,Jaipur,B-,9/1/2024
1050,Patient_1050,Female,51,Agra,AB-,4/21/2025
1051,Patient_1051,Male,58,Ghaziabad,A-,5/2/2025
1052,Patient_1052,Female,52,Meerut,A-,1/22/2023
1053,Patient_1053,Male,80,Meerut,A+,2/9/2026
1054,Patient_1054,Female,18,Muzaffarnagar,AB+,12/16/2025
1055,Patient_1055,Male,38,Noida,B-,12/25/2025
1056,Patient_1056,Female,65,Ghaziabad,A-,4/21/2025
1057,Patient_1057,Female,72,Muzaffarnagar,A+,4/8/2023
1058,Patient_1058,Male,23,Ghaziabad,AB-,3/13/2026
1059,Patient_1059,Male,45,Agra,B+,3/10/2024
1060,Patient_1060,Male,34,Noida,O+,9/28/2024
1061,Patient_1061,Male,22,Jaipur,O+,1/14/2026
1062,Patient_1062,Male,48,Jaipur,B-,8/10/2024
1063,Patient_1063,Male,22,Meerut,A-,12/10/2023
1064,Patient_1064,Male,55,Jaipur,O+,7/24/2024
1065,Patient_1065,Male,20,Jaipur,AB+,9/2/2024
1066,Patient_1066,Female,70,Agra,O+,8/31/2023
1067,Patient_1067,Female,40,Delhi,O+,7/14/2024
1068,Patient_1068,Male,54,Meerut,O+,8/17/2025
1069,Patient_1069,Female,70,Muzaffarnagar,O-,2/1/2023
1070,Patient_1070,Female,54,Lucknow,A+,1/26/2024
1071,Patient_1071,Female,27,Delhi,A-,10/4/2023
1072,Patient_1072,Female,27,Muzaffarnagar,AB+,6/15/2024
1073,Patient_1073,Male,36,Noida,A-,3/23/2026
1074,Patient_1074,Female,34,Delhi,O-,1/18/2024
1075,Patient_1075,Male,38,Agra,B-,12/27/2025
1076,Patient_1076,Female,31,Muzaffarnagar,B-,6/2/2025
1077,Patient_1077,Female,26,Noida,B-,8/2/2023
1078,Patient_1078,Female,63,Meerut,AB-,1/11/2024
1079,Patient_1079,Male,18,Lucknow,O+,1/13/2025
1080,Patient_1080,Female,68,Noida,AB-,8/1/2023
1081,Patient_1081,Male,62,Jaipur,A+,3/20/2023
1082,Patient_1082,Female,30,Ghaziabad,B-,9/19/2024
1083,Patient_1083,Male,21,Noida,O-,8/26/2024
1084,Patient_1084,Female,79,Noida,AB+,2/20/2025
1085,Patient_1085,Male,18,Lucknow,A-,9/27/2025
1086,Patient_1086,Male,66,Ghaziabad,O+,11/10/2024
1087,Patient_1087,Female,57,Jaipur,B+,2/27/2023
1088,Patient_1088,Male,49,Muzaffarnagar,AB+,11/15/2025
1089,Patient_1089,Female,51,Muzaffarnagar,O+,5/30/2025
1090,Patient_1090,Female,45,Noida,AB-,3/22/2024
1091,Patient_1091,Female,48,Agra,AB-,3/7/2023
1092,Patient_1092,Female,25,Agra,AB+,12/3/2025
1093,Patient_1093,Female,56,Ghaziabad,AB-,1/25/2026
1094,Patient_1094,Female,43,Ghaziabad,B-,10/8/2025
1095,Patient_1095,Female,75,Jaipur,A+,8/15/2023
1096,Patient_1096,Female,51,Lucknow,A-,2/12/2025
1097,Patient_1097,Female,71,Meerut,A+,11/9/2024
1098,Patient_1098,Female,71,Muzaffarnagar,O+,8/23/2024
1099,Patient_1099,Female,20,Lucknow,A-,1/14/2024
1100,Patient_1100,Male,76,Delhi,O-,12/9/2024
1101,Patient_1101,Male,67,Muzaffarnagar,A-,11/3/2023
1102,Patient_1102,Female,29,Lucknow,A+,2/17/2025
1103,Patient_1103,Female,18,Muzaffarnagar,AB+,5/18/2024
1104,Patient_1104,Female,71,Meerut,A-,9/25/2023
1105,Patient_1105,Female,61,Delhi,O-,1/8/2023
1106,Patient_1106,Female,22,Agra,O-,5/22/2024
1107,Patient_1107,Female,47,Agra,O-,4/20/2024
1108,Patient_1108,Female,47,Meerut,A+,6/13/2023
1109,Patient_1109,Female,76,Jaipur,A-,4/29/2024
1110,Patient_1110,Male,74,Delhi,B+,12/31/2025
1111,Patient_1111,Female,34,Noida,AB+,7/20/2024
1112,Patient_1112,Male,65,Lucknow,B-,6/23/2025
1113,Patient_1113,Female,80,Delhi,A-,7/12/2024
1114,Patient_1114,Female,64,Jaipur,O-,8/26/2023
1115,Patient_1115,Male,40,Jaipur,B+,2/1/2026
1116,Patient_1116,Female,32,Meerut,B-,7/7/2024
1117,Patient_1117,Male,54,Muzaffarnagar,B-,4/7/2025
1118,Patient_1118,Female,38,Delhi,O+,4/12/2024
1119,Patient_1119,Female,31,Lucknow,A-,1/21/2024
1120,Patient_1120,Male,19,Delhi,A+,2/13/2025
1121,Patient_1121,Female,28,Ghaziabad,A-,4/27/2025
1122,Patient_1122,Male,68,Muzaffarnagar,B+,1/22/2024
1123,Patient_1123,Female,56,Lucknow,B-,5/26/2025
1124,Patient_1124,Male,55,Agra,A-,9/16/2023
1125,Patient_1125,Male,77,Lucknow,A+,10/10/2023
1126,Patient_1126,Female,51,Noida,O+,2/9/2023
1127,Patient_1127,Female,55,Meerut,A-,4/30/2024
1128,Patient_1128,Male,67,Noida,AB+,7/17/2025
1129,Patient_1129,Female,51,Lucknow,O+,8/8/2023
1130,Patient_1130,Female,35,Muzaffarnagar,A+,2/26/2026
1131,Patient_1131,Female,47,Delhi,B+,10/11/2025
1132,Patient_1132,Male,32,Agra,B-,10/20/2025
1133,Patient_1133,Male,44,Delhi,A-,9/4/2024
1134,Patient_1134,Male,68,Muzaffarnagar,A+,7/16/2025
1135,Patient_1135,Male,80,Lucknow,O+,11/18/2024
1136,Patient_1136,Male,51,Jaipur,AB+,9/4/2024
1137,Patient_1137,Male,69,Delhi,A+,9/17/2023
1138,Patient_1138,Male,74,Jaipur,AB-,9/16/2025
1139,Patient_1139,Male,55,Delhi,O-,8/23/2025
1140,Patient_1140,Male,50,Delhi,AB+,1/1/2024
1141,Patient_1141,Female,41,Agra,O+,6/27/2024
1142,Patient_1142,Male,32,Meerut,B+,10/10/2024
1143,Patient_1143,Female,77,Meerut,B-,3/24/2025
1144,Patient_1144,Female,47,Ghaziabad,O+,11/5/2025
1145,Patient_1145,Female,72,Noida,O-,2/26/2026
1146,Patient_1146,Male,59,Muzaffarnagar,B+,7/28/2024
1147,Patient_1147,Male,68,Muzaffarnagar,A-,2/6/2026
1148,Patient_1148,Male,34,Muzaffarnagar,A+,10/9/2025
1149,Patient_1149,Male,22,Ghaziabad,AB-,10/31/2024
1150,Patient_1150,Female,46,Meerut,AB+,9/26/2023
1151,Patient_1151,Male,21,Lucknow,AB+,3/31/2026
1152,Patient_1152,Male,27,Jaipur,A+,7/12/2025
1153,Patient_1153,Male,73,Agra,AB-,1/30/2026
1154,Patient_1154,Male,34,Jaipur,A+,9/4/2023
1155,Patient_1155,Male,27,Lucknow,A-,5/11/2023
1156,Patient_1156,Female,34,Agra,O-,12/19/2023
1157,Patient_1157,Male,77,Ghaziabad,B+,7/15/2023
1158,Patient_1158,Female,37,Lucknow,O+,7/18/2025
1159,Patient_1159,Male,41,Muzaffarnagar,AB+,10/18/2025
1160,Patient_1160,Female,22,Noida,A-,10/6/2024
1161,Patient_1161,Male,51,Delhi,B+,8/15/2023
1162,Patient_1162,Male,23,Jaipur,A-,12/1/2024
1163,Patient_1163,Female,70,Meerut,AB-,9/22/2023
1164,Patient_1164,Female,19,Meerut,AB+,10/7/2024
1165,Patient_1165,Female,30,Ghaziabad,O+,7/30/2023
1166,Patient_1166,Male,79,Agra,A+,7/31/2025
1167,Patient_1167,Female,60,Meerut,A+,4/1/2024
1168,Patient_1168,Male,60,Muzaffarnagar,B+,12/25/2024
1169,Patient_1169,Male,65,Jaipur,O+,9/8/2025
1170,Patient_1170,Female,28,Lucknow,O-,2/28/2026
1171,Patient_1171,Female,68,Muzaffarnagar,B-,8/10/2024
1172,Patient_1172,Male,64,Ghaziabad,AB-,4/20/2024
1173,Patient_1173,Male,74,Muzaffarnagar,B+,9/12/2025
1174,Patient_1174,Female,40,Lucknow,B-,6/5/2023
1175,Patient_1175,Female,72,Noida,A-,7/9/2023
1176,Patient_1176,Female,33,Ghaziabad,AB-,9/7/2025
1177,Patient_1177,Male,48,Noida,A-,6/29/2024
1178,Patient_1178,Male,28,Delhi,O-,2/10/2023
1179,Patient_1179,Male,71,Noida,O+,11/3/2023
1180,Patient_1180,Male,33,Delhi,AB+,7/31/2025
1181,Patient_1181,Male,25,Delhi,AB-,12/4/2023
1182,Patient_1182,Male,21,Noida,B-,1/3/2026
1183,Patient_1183,Female,57,Ghaziabad,O-,8/10/2025
1184,Patient_1184,Male,21,Agra,AB+,10/6/2023
1185,Patient_1185,Male,73,Lucknow,A+,4/14/2026
1186,Patient_1186,Male,42,Muzaffarnagar,B-,6/14/2025
1187,Patient_1187,Female,20,Muzaffarnagar,B+,9/30/2023
1188,Patient_1188,Male,49,Lucknow,A+,4/16/2025
1189,Patient_1189,Male,20,Jaipur,O-,9/11/2024
1190,Patient_1190,Female,44,Jaipur,A+,5/11/2025
1191,Patient_1191,Male,46,Delhi,B+,7/19/2025
1192,Patient_1192,Male,49,Delhi,AB-,10/16/2023
1193,Patient_1193,Male,67,Ghaziabad,A+,12/24/2024
1194,Patient_1194,Male,78,Meerut,O+,6/11/2025
1195,Patient_1195,Male,75,Noida,B-,9/29/2023
1196,Patient_1196,Female,68,Delhi,AB+,12/25/2025
1197,Patient_1197,Female,36,Muzaffarnagar,A+,4/27/2024
1198,Patient_1198,Female,38,Ghaziabad,B-,7/24/2025
1199,Patient_1199,Male,22,Noida,A-,9/5/2023
1200,Patient_1200,Male,35,Ghaziabad,B-,6/5/2023
1201,Patient_1201,Male,45,Noida,AB+,12/6/2025
1202,Patient_1202,Female,59,Noida,B-,3/29/2024
1203,Patient_1203,Male,78,Lucknow,B+,7/20/2023
1204,Patient_1204,Male,39,Delhi,O-,5/4/2023
1205,Patient_1205,Female,38,Agra,AB+,1/1/2023
1206,Patient_1206,Male,23,Ghaziabad,O-,8/25/2025
1207,Patient_1207,Female,18,Agra,AB-,5/4/2025
1208,Patient_1208,Female,22,Ghaziabad,O-,10/1/2024
1209,Patient_1209,Female,58,Lucknow,A-,7/10/2023
1210,Patient_1210,Male,29,Muzaffarnagar,B+,5/30/2024
1211,Patient_1211,Male,43,Agra,AB-,3/17/2024
1212,Patient_1212,Male,63,Muzaffarnagar,B-,5/23/2023
1213,Patient_1213,Male,51,Jaipur,AB+,6/16/2024
1214,Patient_1214,Male,66,Delhi,A-,8/15/2023
1215,Patient_1215,Male,31,Delhi,B+,8/6/2025
1216,Patient_1216,Male,43,Meerut,AB-,4/4/2024
1217,Patient_1217,Female,62,Lucknow,AB-,7/4/2024
1218,Patient_1218,Male,44,Muzaffarnagar,A-,1/28/2024
1219,Patient_1219,Female,26,Noida,O+,4/24/2025
1220,Patient_1220,Male,43,Ghaziabad,B-,7/29/2023
1221,Patient_1221,Male,74,Delhi,A-,2/12/2026
1222,Patient_1222,Male,64,Agra,AB-,10/7/2024
1223,Patient_1223,Female,74,Ghaziabad,A+,8/7/2023
1224,Patient_1224,Female,39,Ghaziabad,B+,2/11/2024
1225,Patient_1225,Female,64,Meerut,A-,6/6/2025
1226,Patient_1226,Female,73,Muzaffarnagar,O+,7/11/2024
1227,Patient_1227,Male,47,Delhi,AB-,7/3/2024
1228,Patient_1228,Female,60,Ghaziabad,B-,5/22/2023
1229,Patient_1229,Male,80,Delhi,O-,9/3/2024
1230,Patient_1230,Male,65,Noida,AB-,5/15/2024
1231,Patient_1231,Female,78,Meerut,B-,4/19/2025
1232,Patient_1232,Female,34,Noida,A-,12/2/2024
1233,Patient_1233,Female,43,Delhi,B-,8/18/2024
1234,Patient_1234,Female,53,Jaipur,AB+,10/8/2023
1235,Patient_1235,Female,18,Agra,AB+,2/28/2024
1236,Patient_1236,Female,25,Delhi,AB+,5/5/2025
1237,Patient_1237,Female,66,Muzaffarnagar,O+,9/27/2023
1238,Patient_1238,Female,52,Ghaziabad,O+,6/3/2023
1239,Patient_1239,Male,78,Ghaziabad,A+,9/5/2024
1240,Patient_1240,Female,69,Noida,O+,10/23/2024
1241,Patient_1241,Female,32,Agra,O-,3/24/2023
1242,Patient_1242,Male,64,Meerut,A-,8/4/2025
1243,Patient_1243,Female,80,Jaipur,AB-,6/17/2025
1244,Patient_1244,Male,73,Lucknow,AB-,10/11/2023
1245,Patient_1245,Male,39,Agra,A+,9/6/2025
1246,Patient_1246,Female,31,Ghaziabad,O+,6/22/2023
1247,Patient_1247,Male,43,Muzaffarnagar,O-,12/22/2025
1248,Patient_1248,Male,45,Agra,B-,1/1/2026
1249,Patient_1249,Male,40,Noida,A+,2/1/2025
1250,Patient_1250,Male,31,Noida,O-,9/24/2024
1251,Patient_1251,Female,41,Lucknow,B-,2/25/2025
1252,Patient_1252,Male,19,Muzaffarnagar,O-,7/31/2025
1253,Patient_1253,Female,62,Meerut,B-,10/8/2025
1254,Patient_1254,Male,43,Agra,B+,2/2/2024
1255,Patient_1255,Male,31,Muzaffarnagar,O-,2/17/2026
1256,Patient_1256,Male,76,Meerut,AB-,7/22/2025
1257,Patient_1257,Male,73,Muzaffarnagar,AB+,11/6/2024
1258,Patient_1258,Female,68,Muzaffarnagar,O+,7/24/2025
1259,Patient_1259,Female,24,Delhi,B-,4/9/2024
1260,Patient_1260,Male,20,Noida,B+,10/13/2023
1261,Patient_1261,Male,64,Agra,O-,9/22/2023
1262,Patient_1262,Female,40,Muzaffarnagar,AB-,11/16/2023
1263,Patient_1263,Male,63,Agra,AB+,11/3/2024
1264,Patient_1264,Male,60,Lucknow,B-,3/30/2025
1265,Patient_1265,Male,64,Muzaffarnagar,O-,3/30/2023
1266,Patient_1266,Female,77,Ghaziabad,O-,3/31/2025
1267,Patient_1267,Female,62,Noida,B-,9/27/2025
1268,Patient_1268,Female,35,Ghaziabad,A+,11/30/2023
1269,Patient_1269,Male,75,Agra,A+,8/10/2023
1270,Patient_1270,Male,55,Agra,AB-,2/10/2023
1271,Patient_1271,Female,52,Noida,AB+,3/9/2023
1272,Patient_1272,Female,68,Agra,B-,9/14/2025
1273,Patient_1273,Female,32,Ghaziabad,AB-,5/28/2024
1274,Patient_1274,Female,42,Muzaffarnagar,AB-,2/24/2026
1275,Patient_1275,Male,72,Muzaffarnagar,A-,11/25/2024
1276,Patient_1276,Female,54,Delhi,O-,11/5/2025
1277,Patient_1277,Male,45,Lucknow,O+,4/21/2024
1278,Patient_1278,Female,27,Agra,O-,12/21/2025
1279,Patient_1279,Male,56,Ghaziabad,A+,5/30/2025
1280,Patient_1280,Female,74,Agra,AB+,3/7/2024
1281,Patient_1281,Female,34,Agra,O-,9/25/2023
1282,Patient_1282,Female,56,Meerut,B-,11/24/2025
1283,Patient_1283,Female,39,Delhi,AB-,2/17/2025
1284,Patient_1284,Male,43,Ghaziabad,B-,5/8/2024
1285,Patient_1285,Female,79,Ghaziabad,A-,10/22/2024
1286,Patient_1286,Male,61,Agra,AB+,10/9/2025
1287,Patient_1287,Male,42,Delhi,AB-,11/24/2025
1288,Patient_1288,Male,34,Muzaffarnagar,B-,9/3/2025
1289,Patient_1289,Male,30,Ghaziabad,A+,4/26/2024
1290,Patient_1290,Female,37,Muzaffarnagar,O+,12/28/2024
1291,Patient_1291,Male,42,Delhi,A-,4/24/2024
1292,Patient_1292,Male,21,Muzaffarnagar,AB+,12/24/2025
1293,Patient_1293,Male,27,Noida,A-,10/28/2025
1294,Patient_1294,Female,20,Meerut,A+,12/9/2023
1295,Patient_1295,Female,58,Jaipur,AB+,11/28/2023
1296,Patient_1296,Female,62,Ghaziabad,A-,3/13/2024
1297,Patient_1297,Female,35,Lucknow,B+,6/23/2023
1298,Patient_1298,Male,64,Meerut,A+,7/12/2024
1299,Patient_1299,Male,53,Jaipur,A+,6/10/2024
1300,Patient_1300,Female,64,Muzaffarnagar,A+,10/20/2024
1301,Patient_1301,Male,39,Ghaziabad,B+,1/26/2023
1302,Patient_1302,Male,51,Muzaffarnagar,B+,3/30/2025
1303,Patient_1303,Male,64,Noida,B-,8/27/2024
1304,Patient_1304,Female,25,Delhi,AB-,2/10/2024
1305,Patient_1305,Female,57,Ghaziabad,O+,8/20/2023
1306,Patient_1306,Male,66,Jaipur,A-,6/16/2024
1307,Patient_1307,Female,61,Jaipur,B-,5/19/2024
1308,Patient_1308,Female,36,Noida,A-,6/28/2023
1309,Patient_1309,Female,59,Noida,O+,5/12/2023
1310,Patient_1310,Female,58,Agra,AB-,12/14/2023
1311,Patient_1311,Female,54,Ghaziabad,B+,6/23/2024
1312,Patient_1312,Male,23,Muzaffarnagar,AB-,2/10/2025
1313,Patient_1313,Female,69,Lucknow,B+,3/17/2023
1314,Patient_1314,Male,43,Jaipur,O+,8/1/2024
1315,Patient_1315,Male,51,Jaipur,AB-,5/3/2025
1316,Patient_1316,Female,76,Noida,B-,7/13/2023
1317,Patient_1317,Male,73,Meerut,AB+,3/31/2026
1318,Patient_1318,Male,76,Noida,B-,12/13/2023
1319,Patient_1319,Male,62,Lucknow,A-,8/8/2025
1320,Patient_1320,Female,23,Muzaffarnagar,B-,1/15/2026
1321,Patient_1321,Female,54,Muzaffarnagar,O+,8/2/2023
1322,Patient_1322,Male,74,Meerut,A+,7/26/2024
1323,Patient_1323,Female,50,Jaipur,A-,2/18/2025
1324,Patient_1324,Female,70,Noida,AB-,9/19/2023
1325,Patient_1325,Female,39,Agra,A-,12/30/2024
1326,Patient_1326,Female,38,Muzaffarnagar,AB+,10/10/2023
1327,Patient_1327,Male,23,Lucknow,B+,12/28/2023
1328,Patient_1328,Male,23,Ghaziabad,AB-,3/16/2024
1329,Patient_1329,Female,72,Delhi,O-,4/3/2023
1330,Patient_1330,Female,65,Delhi,A-,1/22/2025
1331,Patient_1331,Male,21,Delhi,AB-,5/16/2025
1332,Patient_1332,Male,47,Agra,AB-,5/22/2023
1333,Patient_1333,Female,28,Jaipur,AB-,1/18/2025
1334,Patient_1334,Male,79,Noida,B+,10/14/2024
1335,Patient_1335,Female,79,Meerut,O-,12/1/2024
1336,Patient_1336,Female,47,Agra,O+,9/24/2025
1337,Patient_1337,Male,48,Agra,B-,2/18/2023
1338,Patient_1338,Male,41,Muzaffarnagar,AB-,5/30/2025
1339,Patient_1339,Female,72,Ghaziabad,A+,3/5/2026
1340,Patient_1340,Female,26,Agra,O+,7/8/2024
1341,Patient_1341,Male,72,Lucknow,AB+,2/8/2024
1342,Patient_1342,Female,20,Ghaziabad,B+,6/10/2025
1343,Patient_1343,Male,68,Lucknow,A-,5/14/2025
1344,Patient_1344,Female,48,Jaipur,B+,8/24/2024
1345,Patient_1345,Male,57,Noida,A-,12/7/2023
1346,Patient_1346,Male,54,Delhi,B+,12/4/2024
1347,Patient_1347,Male,53,Agra,A-,11/14/2023
1348,Patient_1348,Female,41,Noida,AB-,9/9/2024
1349,Patient_1349,Female,48,Jaipur,B-,1/17/2024
1350,Patient_1350,Male,23,Meerut,A-,8/21/2023
1351,Patient_1351,Female,19,Meerut,O-,3/27/2025
1352,Patient_1352,Male,37,Jaipur,A-,7/6/2024
1353,Patient_1353,Male,45,Lucknow,A+,5/5/2025
1354,Patient_1354,Female,28,Muzaffarnagar,A-,3/29/2025
1355,Patient_1355,Female,21,Muzaffarnagar,A+,7/2/2023
1356,Patient_1356,Male,32,Lucknow,AB+,11/30/2025
1357,Patient_1357,Female,23,Meerut,AB-,2/1/2024
1358,Patient_1358,Female,71,Meerut,A+,2/17/2025
1359,Patient_1359,Male,66,Agra,B-,6/25/2025
1360,Patient_1360,Male,47,Meerut,O+,5/7/2023
1361,Patient_1361,Female,73,Noida,AB-,1/1/2023
1362,Patient_1362,Male,55,Meerut,A+,4/6/2026
1363,Patient_1363,Male,68,Ghaziabad,AB-,1/19/2023
1364,Patient_1364,Female,79,Agra,O-,8/6/2024
1365,Patient_1365,Male,74,Delhi,AB-,3/31/2024
1366,Patient_1366,Male,19,Meerut,AB-,8/14/2025
1367,Patient_1367,Female,32,Lucknow,AB+,2/6/2026
1368,Patient_1368,Female,28,Delhi,B-,3/20/2024
1369,Patient_1369,Male,25,Noida,B+,8/24/2024
1370,Patient_1370,Male,43,Lucknow,B+,4/13/2023
1371,Patient_1371,Female,68,Delhi,A+,9/14/2025
1372,Patient_1372,Female,62,Lucknow,AB-,6/3/2024
1373,Patient_1373,Female,61,Noida,A+,3/22/2026
1374,Patient_1374,Female,22,Agra,AB+,5/8/2025
1375,Patient_1375,Male,23,Ghaziabad,AB+,6/23/2023
1376,Patient_1376,Female,43,Noida,A-,10/1/2025
1377,Patient_1377,Female,71,Noida,O-,3/6/2024
1378,Patient_1378,Male,21,Lucknow,AB+,12/27/2024
1379,Patient_1379,Female,36,Agra,A-,4/29/2025
1380,Patient_1380,Male,37,Jaipur,B-,9/16/2025
1381,Patient_1381,Female,50,Muzaffarnagar,A+,9/30/2024
1382,Patient_1382,Female,37,Meerut,O+,2/24/2024
1383,Patient_1383,Female,66,Meerut,B-,8/16/2024
1384,Patient_1384,Male,29,Ghaziabad,AB+,4/29/2024
1385,Patient_1385,Male,64,Ghaziabad,B-,2/16/2024
1386,Patient_1386,Female,18,Meerut,B-,7/24/2025
1387,Patient_1387,Male,43,Muzaffarnagar,O-,1/12/2026
1388,Patient_1388,Male,31,Meerut,O-,2/10/2026
1389,Patient_1389,Male,55,Jaipur,O-,11/28/2023
1390,Patient_1390,Male,54,Muzaffarnagar,B-,10/16/2024
1391,Patient_1391,Male,79,Ghaziabad,AB+,2/10/2023
1392,Patient_1392,Male,28,Delhi,O+,8/16/2025
1393,Patient_1393,Female,80,Lucknow,AB-,4/15/2023
1394,Patient_1394,Female,53,Jaipur,B-,7/21/2023
1395,Patient_1395,Male,30,Jaipur,A-,3/25/2024
1396,Patient_1396,Female,60,Agra,AB+,6/28/2025
1397,Patient_1397,Female,20,Ghaziabad,B-,7/29/2023
1398,Patient_1398,Female,50,Ghaziabad,O+,7/16/2024
1399,Patient_1399,Female,23,Noida,AB-,2/15/2026
1400,Patient_1400,Male,67,Jaipur,O-,12/13/2024
1401,Patient_1401,Female,73,Noida,AB+,2/9/2025
1402,Patient_1402,Female,27,Noida,B+,1/12/2026
1403,Patient_1403,Male,22,Lucknow,AB-,3/29/2024
1404,Patient_1404,Male,40,Noida,A-,10/28/2024
1405,Patient_1405,Female,27,Muzaffarnagar,B-,9/20/2024
1406,Patient_1406,Female,61,Meerut,O+,1/22/2024
1407,Patient_1407,Female,19,Delhi,B+,10/23/2023
1408,Patient_1408,Female,30,Ghaziabad,O+,9/15/2023
1409,Patient_1409,Female,57,Muzaffarnagar,B+,1/9/2026
1410,Patient_1410,Female,19,Delhi,AB+,9/25/2023
1411,Patient_1411,Male,37,Jaipur,B+,2/23/2024
1412,Patient_1412,Female,18,Jaipur,A-,8/23/2023
1413,Patient_1413,Female,80,Jaipur,A-,9/12/2025
1414,Patient_1414,Male,54,Muzaffarnagar,A+,7/27/2024
1415,Patient_1415,Male,26,Muzaffarnagar,A-,2/18/2023
1416,Patient_1416,Male,34,Ghaziabad,AB-,2/24/2026
1417,Patient_1417,Male,26,Meerut,B+,8/11/2023
1418,Patient_1418,Female,28,Agra,A-,7/9/2025
1419,Patient_1419,Female,32,Noida,AB+,10/4/2023
1420,Patient_1420,Female,41,Jaipur,O+,2/4/2026
1421,Patient_1421,Female,55,Lucknow,O-,2/24/2024
1422,Patient_1422,Female,72,Meerut,O+,9/2/2024
1423,Patient_1423,Female,52,Lucknow,A+,1/10/2024
1424,Patient_1424,Male,47,Ghaziabad,O+,3/14/2023
1425,Patient_1425,Female,48,Ghaziabad,B+,11/19/2025
1426,Patient_1426,Male,66,Ghaziabad,A+,7/14/2023
1427,Patient_1427,Male,22,Delhi,B+,3/25/2026
1428,Patient_1428,Female,79,Lucknow,AB+,4/10/2026
1429,Patient_1429,Male,77,Meerut,A+,4/26/2025
1430,Patient_1430,Female,61,Agra,B-,11/30/2025
1431,Patient_1431,Male,67,Meerut,AB-,12/22/2025
1432,Patient_1432,Female,31,Muzaffarnagar,AB-,1/23/2023
1433,Patient_1433,Male,70,Muzaffarnagar,B+,12/26/2023
1434,Patient_1434,Female,73,Jaipur,O+,1/3/2026
1435,Patient_1435,Female,28,Agra,O-,7/13/2024
1436,Patient_1436,Female,26,Muzaffarnagar,O-,11/2/2024
1437,Patient_1437,Female,51,Ghaziabad,B-,2/15/2026
1438,Patient_1438,Female,29,Meerut,A+,11/9/2024
1439,Patient_1439,Male,52,Lucknow,B-,3/15/2024
1440,Patient_1440,Male,52,Ghaziabad,B-,7/21/2025
1441,Patient_1441,Male,18,Delhi,O+,1/7/2023
1442,Patient_1442,Female,57,Muzaffarnagar,O-,2/25/2024
1443,Patient_1443,Male,39,Ghaziabad,A+,4/12/2025
1444,Patient_1444,Female,77,Ghaziabad,AB+,7/12/2024
1445,Patient_1445,Female,46,Delhi,O+,3/17/2026
1446,Patient_1446,Male,25,Noida,B-,7/2/2025
1447,Patient_1447,Male,28,Meerut,B-,10/3/2025
1448,Patient_1448,Female,58,Lucknow,AB+,5/6/2023
1449,Patient_1449,Male,54,Jaipur,B-,1/30/2024
1450,Patient_1450,Female,31,Noida,B-,3/27/2025
1451,Patient_1451,Female,77,Muzaffarnagar,B-,5/30/2025
1452,Patient_1452,Female,47,Ghaziabad,AB-,7/29/2024
1453,Patient_1453,Female,52,Agra,O+,11/21/2023
1454,Patient_1454,Female,38,Delhi,A-,7/18/2025
1455,Patient_1455,Male,54,Delhi,O+,4/12/2025
1456,Patient_1456,Male,22,Agra,AB+,11/20/2025
1457,Patient_1457,Female,36,Meerut,B-,4/16/2025
1458,Patient_1458,Female,76,Noida,O+,7/14/2025
1459,Patient_1459,Male,31,Jaipur,AB-,3/18/2024
1460,Patient_1460,Male,43,Meerut,O-,3/16/2023
1461,Patient_1461,Female,79,Agra,AB+,7/10/2024
1462,Patient_1462,Male,21,Ghaziabad,B+,3/24/2026
1463,Patient_1463,Female,42,Agra,O+,12/29/2023
1464,Patient_1464,Male,62,Meerut,B+,3/23/2024
1465,Patient_1465,Female,59,Lucknow,B-,9/19/2023
1466,Patient_1466,Male,42,Delhi,AB-,5/5/2023
1467,Patient_1467,Female,35,Delhi,AB-,6/29/2025
1468,Patient_1468,Male,57,Muzaffarnagar,O+,9/2/2023
1469,Patient_1469,Male,25,Muzaffarnagar,AB+,6/25/2024
1470,Patient_1470,Female,56,Agra,AB+,4/29/2024
1471,Patient_1471,Male,57,Jaipur,AB-,5/2/2023
1472,Patient_1472,Female,31,Ghaziabad,AB+,5/5/2023
1473,Patient_1473,Male,49,Lucknow,AB-,6/19/2023
1474,Patient_1474,Female,68,Noida,O+,5/4/2023
1475,Patient_1475,Male,78,Meerut,A-,11/24/2025
1476,Patient_1476,Female,55,Jaipur,AB-,1/15/2026
1477,Patient_1477,Male,50,Ghaziabad,B+,10/7/2024
1478,Patient_1478,Female,40,Muzaffarnagar,AB+,2/24/2025
1479,Patient_1479,Male,80,Agra,AB-,7/20/2023
1480,Patient_1480,Female,32,Meerut,AB-,1/4/2024
1481,Patient_1481,Female,50,Muzaffarnagar,O+,3/7/2025
1482,Patient_1482,Female,42,Agra,AB+,3/18/2023
1483,Patient_1483,Male,34,Meerut,A-,2/28/2023
1484,Patient_1484,Female,50,Noida,O+,3/6/2024
1485,Patient_1485,Male,64,Ghaziabad,A-,9/29/2024
1486,Patient_1486,Female,72,Meerut,O-,4/19/2023
1487,Patient_1487,Male,19,Lucknow,O+,10/4/2025
1488,Patient_1488,Female,31,Jaipur,AB+,3/9/2023
1489,Patient_1489,Male,70,Delhi,A+,12/28/2025
1490,Patient_1490,Male,57,Lucknow,AB+,4/3/2026
1491,Patient_1491,Female,57,Lucknow,AB+,11/1/2023
1492,Patient_1492,Male,68,Jaipur,A-,11/4/2024
1493,Patient_1493,Male,56,Delhi,A-,12/31/2023
1494,Patient_1494,Female,68,Lucknow,AB+,3/31/2025
1495,Patient_1495,Male,23,Meerut,AB+,12/9/2023
1496,Patient_1496,Male,23,Meerut,AB+,8/4/2025
1497,Patient_1497,Male,20,Meerut,A-,6/17/2025
1498,Patient_1498,Female,24,Delhi,AB+,2/6/2026
1499,Patient_1499,Male,68,Lucknow,AB+,1/31/2025
1500,Patient_1500,Female,25,Agra,O-,12/7/2023
1501,Patient_1501,Male,59,Delhi,B-,7/30/2025
1502,Patient_1502,Male,69,Meerut,A+,1/18/2024
1503,Patient_1503,Male,32,Jaipur,B+,9/30/2025
1504,Patient_1504,Female,64,Lucknow,A+,10/27/2023
1505,Patient_1505,Male,46,Lucknow,B-,5/19/2023
1506,Patient_1506,Male,50,Muzaffarnagar,B+,12/25/2023
1507,Patient_1507,Female,69,Muzaffarnagar,O+,4/15/2025
1508,Patient_1508,Male,47,Noida,AB+,4/27/2024
1509,Patient_1509,Female,56,Agra,B-,6/27/2025
1510,Patient_1510,Female,44,Agra,O-,2/8/2026
1511,Patient_1511,Male,53,Ghaziabad,O+,5/15/2025
1512,Patient_1512,Female,46,Agra,AB+,5/19/2023
1513,Patient_1513,Male,55,Muzaffarnagar,A-,9/22/2025
1514,Patient_1514,Female,74,Delhi,AB-,3/10/2024
1515,Patient_1515,Female,50,Agra,B-,5/23/2024
1516,Patient_1516,Male,78,Muzaffarnagar,A-,9/30/2023
1517,Patient_1517,Female,54,Noida,B-,1/27/2026
1518,Patient_1518,Female,44,Lucknow,O-,4/14/2023
1519,Patient_1519,Female,72,Agra,B-,1/31/2025
1520,Patient_1520,Female,50,Noida,A-,2/25/2025
1521,Patient_1521,Female,79,Lucknow,O-,6/14/2023
1522,Patient_1522,Male,21,Jaipur,B+,9/25/2025
1523,Patient_1523,Female,39,Jaipur,A+,6/3/2024
1524,Patient_1524,Male,19,Lucknow,AB+,5/31/2024
1525,Patient_1525,Female,27,Agra,B-,10/18/2024
1526,Patient_1526,Male,22,Ghaziabad,AB+,9/4/2024
1527,Patient_1527,Male,76,Muzaffarnagar,AB-,6/13/2023
1528,Patient_1528,Female,27,Delhi,A-,3/5/2023
1529,Patient_1529,Female,50,Delhi,AB+,1/19/2026
1530,Patient_1530,Female,71,Meerut,A-,2/14/2026
1531,Patient_1531,Male,55,Lucknow,AB+,9/24/2023
1532,Patient_1532,Female,30,Delhi,A+,3/9/2026
1533,Patient_1533,Male,48,Agra,A+,9/3/2023
1534,Patient_1534,Male,64,Ghaziabad,O-,1/30/2024
1535,Patient_1535,Male,53,Lucknow,A+,4/20/2024
1536,Patient_1536,Female,62,Ghaziabad,O-,9/3/2025
1537,Patient_1537,Female,41,Agra,A+,11/9/2025
1538,Patient_1538,Male,69,Delhi,A+,7/11/2024
1539,Patient_1539,Male,73,Delhi,A+,10/14/2025
1540,Patient_1540,Female,32,Meerut,A-,6/1/2025
1541,Patient_1541,Male,46,Delhi,B-,5/27/2023
1542,Patient_1542,Female,25,Lucknow,O-,10/27/2024
1543,Patient_1543,Male,22,Agra,AB+,9/11/2024
1544,Patient_1544,Female,46,Jaipur,A+,3/30/2025
1545,Patient_1545,Male,64,Agra,A-,5/13/2025
1546,Patient_1546,Female,21,Lucknow,A-,8/4/2024
1547,Patient_1547,Male,29,Lucknow,A-,10/19/2025
1548,Patient_1548,Female,62,Meerut,O-,11/25/2024
1549,Patient_1549,Female,19,Meerut,B-,1/30/2026
1550,Patient_1550,Male,44,Delhi,O-,2/11/2024
1551,Patient_1551,Male,48,Noida,AB+,2/3/2024
1552,Patient_1552,Female,68,Agra,B-,12/15/2024
1553,Patient_1553,Male,68,Agra,B+,12/4/2024
1554,Patient_1554,Female,53,Noida,O+,1/30/2025
1555,Patient_1555,Male,53,Meerut,A-,5/13/2024
1556,Patient_1556,Female,43,Delhi,O-,8/31/2025
1557,Patient_1557,Female,60,Noida,B+,3/23/2023
1558,Patient_1558,Female,44,Delhi,AB-,8/26/2024
1559,Patient_1559,Female,22,Delhi,O-,2/10/2025
1560,Patient_1560,Female,37,Delhi,A+,6/21/2025
1561,Patient_1561,Female,28,Muzaffarnagar,O+,12/31/2023
1562,Patient_1562,Male,79,Lucknow,A+,6/12/2023
1563,Patient_1563,Male,27,Delhi,B-,12/7/2025
1564,Patient_1564,Male,57,Muzaffarnagar,O+,5/25/2024
1565,Patient_1565,Female,55,Meerut,O-,4/26/2023
1566,Patient_1566,Female,23,Noida,AB+,7/29/2025
1567,Patient_1567,Female,25,Lucknow,B+,12/3/2023
1568,Patient_1568,Female,40,Jaipur,AB+,5/30/2025
1569,Patient_1569,Male,64,Noida,O-,1/6/2025
1570,Patient_1570,Male,43,Lucknow,B-,4/19/2025
1571,Patient_1571,Female,63,Jaipur,A+,5/27/2023
1572,Patient_1572,Male,60,Noida,O+,3/18/2024
1573,Patient_1573,Male,29,Lucknow,AB+,4/16/2025
1574,Patient_1574,Female,43,Noida,O-,11/2/2025
1575,Patient_1575,Male,30,Noida,AB+,7/31/2025
1576,Patient_1576,Female,57,Jaipur,O-,10/14/2023
1577,Patient_1577,Male,79,Noida,A+,12/20/2024
1578,Patient_1578,Female,35,Noida,O+,2/11/2026
1579,Patient_1579,Female,42,Jaipur,B+,4/24/2024
1580,Patient_1580,Female,50,Meerut,A+,1/22/2023
1581,Patient_1581,Female,64,Delhi,AB+,11/13/2024
1582,Patient_1582,Male,57,Agra,B+,6/24/2025
1583,Patient_1583,Female,77,Ghaziabad,O-,11/16/2023
1584,Patient_1584,Female,60,Muzaffarnagar,B+,5/6/2023
1585,Patient_1585,Female,29,Ghaziabad,O-,10/4/2023
1586,Patient_1586,Male,61,Ghaziabad,A+,7/13/2023
1587,Patient_1587,Female,53,Lucknow,AB+,11/26/2024
1588,Patient_1588,Male,65,Delhi,B-,2/26/2023
1589,Patient_1589,Female,21,Lucknow,AB+,4/1/2026
1590,Patient_1590,Male,22,Delhi,O-,1/19/2023
1591,Patient_1591,Male,73,Jaipur,A-,9/21/2023
1592,Patient_1592,Female,54,Jaipur,O+,3/4/2025
1593,Patient_1593,Male,25,Agra,AB-,4/23/2023
1594,Patient_1594,Female,80,Delhi,B-,6/25/2024
1595,Patient_1595,Female,59,Noida,B+,10/8/2024
1596,Patient_1596,Female,66,Meerut,B-,8/1/2024
1597,Patient_1597,Male,45,Agra,O+,12/24/2025
1598,Patient_1598,Male,48,Agra,B+,1/25/2023
1599,Patient_1599,Female,75,Noida,O+,1/1/2023
1600,Patient_1600,Female,26,Meerut,B+,6/29/2025
1601,Patient_1601,Male,71,Lucknow,B-,5/21/2023
1602,Patient_1602,Female,68,Meerut,B+,10/9/2024
1603,Patient_1603,Female,46,Lucknow,B+,7/7/2023
1604,Patient_1604,Female,31,Jaipur,A-,2/25/2026
1605,Patient_1605,Male,57,Ghaziabad,AB+,7/20/2023
1606,Patient_1606,Male,58,Jaipur,AB+,2/24/2026
1607,Patient_1607,Male,39,Jaipur,AB-,9/14/2023
1608,Patient_1608,Female,28,Ghaziabad,AB-,6/30/2024
1609,Patient_1609,Female,40,Meerut,O-,7/13/2023
1610,Patient_1610,Female,18,Agra,O-,12/3/2024
1611,Patient_1611,Male,63,Meerut,O-,2/1/2026
1612,Patient_1612,Female,54,Lucknow,A-,3/12/2025
1613,Patient_1613,Female,38,Noida,AB-,7/30/2025
1614,Patient_1614,Female,43,Lucknow,O+,2/18/2024
1615,Patient_1615,Female,63,Noida,O-,1/3/2026
1616,Patient_1616,Male,53,Jaipur,O-,6/28/2025
1617,Patient_1617,Male,71,Ghaziabad,B-,7/7/2023
1618,Patient_1618,Female,40,Jaipur,A+,2/14/2023
1619,Patient_1619,Male,74,Delhi,O+,3/24/2023
1620,Patient_1620,Male,18,Meerut,O-,2/20/2026
1621,Patient_1621,Female,80,Noida,O-,12/24/2023
1622,Patient_1622,Female,71,Lucknow,O-,12/25/2025
1623,Patient_1623,Male,72,Ghaziabad,A+,7/24/2025
1624,Patient_1624,Female,68,Noida,A+,1/10/2024
1625,Patient_1625,Male,57,Lucknow,A-,6/11/2023
1626,Patient_1626,Female,32,Meerut,O+,11/18/2023
1627,Patient_1627,Male,38,Jaipur,A-,3/25/2024
1628,Patient_1628,Female,64,Meerut,B+,11/2/2025
1629,Patient_1629,Male,26,Muzaffarnagar,A+,7/3/2023
1630,Patient_1630,Male,70,Delhi,B-,4/21/2023
1631,Patient_1631,Male,26,Muzaffarnagar,AB-,5/22/2024
1632,Patient_1632,Female,27,Ghaziabad,B-,10/22/2023
1633,Patient_1633,Male,69,Noida,AB-,6/22/2025
1634,Patient_1634,Male,74,Ghaziabad,A+,8/31/2025
1635,Patient_1635,Female,70,Jaipur,A+,9/23/2024
1636,Patient_1636,Female,43,Lucknow,A+,11/16/2025
1637,Patient_1637,Male,58,Meerut,A-,1/2/2025
1638,Patient_1638,Male,52,Muzaffarnagar,O+,11/17/2023
1639,Patient_1639,Female,80,Agra,AB-,7/1/2025
1640,Patient_1640,Female,69,Muzaffarnagar,O+,3/12/2024
1641,Patient_1641,Female,42,Jaipur,A-,2/19/2025
1642,Patient_1642,Female,43,Muzaffarnagar,A-,12/12/2025
1643,Patient_1643,Female,28,Jaipur,AB+,12/26/2024
1644,Patient_1644,Male,55,Agra,B-,1/31/2023
1645,Patient_1645,Female,19,Ghaziabad,B-,12/3/2023
1646,Patient_1646,Male,24,Meerut,B+,7/2/2023
1647,Patient_1647,Male,35,Noida,O-,11/12/2025
1648,Patient_1648,Male,44,Lucknow,A-,6/27/2024
1649,Patient_1649,Female,51,Noida,AB-,1/2/2026
1650,Patient_1650,Male,44,Ghaziabad,AB+,10/30/2025
1651,Patient_1651,Male,34,Lucknow,AB+,10/21/2024
1652,Patient_1652,Female,60,Muzaffarnagar,O-,6/9/2023
1653,Patient_1653,Male,76,Agra,O+,11/3/2025
1654,Patient_1654,Male,61,Agra,O-,2/16/2024
1655,Patient_1655,Female,76,Delhi,O-,10/8/2025
1656,Patient_1656,Male,68,Ghaziabad,O-,2/22/2023
1657,Patient_1657,Male,71,Ghaziabad,B-,2/12/2024
1658,Patient_1658,Male,41,Meerut,A-,4/26/2025
1659,Patient_1659,Female,42,Noida,B+,11/11/2025
1660,Patient_1660,Female,24,Ghaziabad,A-,11/19/2025
1661,Patient_1661,Female,69,Ghaziabad,O+,12/3/2024
1662,Patient_1662,Male,23,Muzaffarnagar,A+,9/17/2023
1663,Patient_1663,Male,70,Muzaffarnagar,O-,12/18/2025
1664,Patient_1664,Female,41,Lucknow,A-,2/14/2025
1665,Patient_1665,Male,50,Jaipur,O+,11/1/2025
1666,Patient_1666,Male,66,Jaipur,A+,4/29/2025
1667,Patient_1667,Female,46,Delhi,A+,12/20/2023
1668,Patient_1668,Female,80,Jaipur,O-,1/3/2026
1669,Patient_1669,Male,60,Meerut,B+,5/22/2025
1670,Patient_1670,Male,39,Delhi,AB-,9/17/2025
1671,Patient_1671,Male,43,Lucknow,B-,10/14/2025
1672,Patient_1672,Female,45,Muzaffarnagar,A-,3/23/2026
1673,Patient_1673,Female,67,Jaipur,A+,1/24/2026
1674,Patient_1674,Female,38,Noida,A-,10/21/2023
1675,Patient_1675,Female,66,Muzaffarnagar,AB-,7/28/2023
1676,Patient_1676,Male,24,Agra,B-,1/16/2026
1677,Patient_1677,Female,34,Meerut,AB-,3/28/2025
1678,Patient_1678,Female,37,Muzaffarnagar,B-,1/25/2024
1679,Patient_1679,Female,58,Meerut,AB+,11/21/2023
1680,Patient_1680,Female,66,Meerut,B-,7/28/2025
1681,Patient_1681,Female,37,Meerut,O-,6/7/2025
1682,Patient_1682,Male,71,Lucknow,B+,3/26/2026
1683,Patient_1683,Male,39,Meerut,AB-,10/29/2024
1684,Patient_1684,Female,45,Meerut,A+,9/24/2024
1685,Patient_1685,Male,80,Agra,O-,7/30/2024
1686,Patient_1686,Female,78,Noida,AB+,5/17/2023
1687,Patient_1687,Female,57,Delhi,B+,3/3/2024
1688,Patient_1688,Male,66,Ghaziabad,A-,9/3/2024
1689,Patient_1689,Male,24,Agra,O-,6/29/2025
1690,Patient_1690,Female,18,Delhi,AB-,3/29/2025
1691,Patient_1691,Female,49,Meerut,O+,5/21/2023
1692,Patient_1692,Female,30,Noida,O+,1/11/2026
1693,Patient_1693,Male,47,Muzaffarnagar,A+,6/26/2023
1694,Patient_1694,Female,40,Noida,B-,7/17/2023
1695,Patient_1695,Female,68,Agra,A+,9/15/2024
1696,Patient_1696,Female,76,Meerut,O+,11/21/2024
1697,Patient_1697,Male,73,Noida,A-,2/5/2024
1698,Patient_1698,Female,36,Jaipur,AB+,4/15/2024
1699,Patient_1699,Female,79,Noida,AB+,8/6/2023
1700,Patient_1700,Male,49,Meerut,AB-,7/17/2025
1701,Patient_1701,Female,47,Lucknow,AB+,9/23/2024
1702,Patient_1702,Female,46,Jaipur,AB-,8/8/2025
1703,Patient_1703,Male,66,Noida,O-,6/24/2025
1704,Patient_1704,Female,62,Ghaziabad,AB-,6/24/2023
1705,Patient_1705,Male,46,Ghaziabad,O-,1/23/2023
1706,Patient_1706,Male,47,Noida,AB-,8/23/2023
1707,Patient_1707,Female,33,Lucknow,O+,11/2/2025
1708,Patient_1708,Female,57,Muzaffarnagar,O+,1/29/2026
1709,Patient_1709,Female,36,Meerut,B-,7/17/2025
1710,Patient_1710,Female,35,Ghaziabad,O-,6/6/2024
1711,Patient_1711,Male,18,Muzaffarnagar,B+,3/6/2024
1712,Patient_1712,Female,31,Noida,O-,3/3/2025
1713,Patient_1713,Male,68,Agra,AB-,6/16/2024
1714,Patient_1714,Female,64,Muzaffarnagar,AB-,9/5/2025
1715,Patient_1715,Female,67,Jaipur,B+,3/20/2025
1716,Patient_1716,Female,19,Delhi,A+,7/1/2025
1717,Patient_1717,Male,71,Ghaziabad,AB-,1/29/2026
1718,Patient_1718,Female,45,Noida,B-,5/20/2025
1719,Patient_1719,Female,66,Agra,AB+,6/23/2024
1720,Patient_1720,Female,67,Meerut,AB+,10/20/2025
1721,Patient_1721,Female,47,Agra,A-,8/15/2023
1722,Patient_1722,Male,55,Lucknow,A-,5/22/2025
1723,Patient_1723,Female,68,Jaipur,AB+,6/10/2025
1724,Patient_1724,Male,80,Noida,AB+,11/2/2025
1725,Patient_1725,Male,21,Meerut,O+,7/29/2023
1726,Patient_1726,Male,18,Lucknow,B-,1/10/2025
1727,Patient_1727,Male,25,Lucknow,B+,2/1/2024
1728,Patient_1728,Male,46,Noida,A-,1/28/2026
1729,Patient_1729,Male,72,Jaipur,O+,1/31/2023
1730,Patient_1730,Female,56,Muzaffarnagar,O+,6/16/2025
1731,Patient_1731,Male,20,Muzaffarnagar,B+,10/10/2024
1732,Patient_1732,Male,49,Lucknow,O+,11/25/2023
1733,Patient_1733,Male,27,Muzaffarnagar,O-,4/4/2026
1734,Patient_1734,Female,27,Delhi,B-,8/9/2025
1735,Patient_1735,Female,36,Lucknow,AB+,1/28/2026
1736,Patient_1736,Male,63,Lucknow,AB-,9/12/2024
1737,Patient_1737,Female,51,Meerut,B+,4/11/2026
1738,Patient_1738,Male,77,Muzaffarnagar,AB+,6/11/2023
1739,Patient_1739,Male,50,Jaipur,AB+,2/14/2025
1740,Patient_1740,Female,40,Lucknow,A+,10/1/2023
1741,Patient_1741,Male,72,Agra,O-,10/23/2025
1742,Patient_1742,Female,45,Jaipur,B+,11/17/2025
1743,Patient_1743,Female,49,Delhi,O+,11/22/2023
1744,Patient_1744,Male,67,Meerut,AB-,7/28/2025
1745,Patient_1745,Male,24,Noida,B+,3/18/2026
1746,Patient_1746,Female,46,Jaipur,O+,6/23/2024
1747,Patient_1747,Male,25,Lucknow,AB+,5/2/2024
1748,Patient_1748,Male,18,Delhi,AB-,4/1/2025
1749,Patient_1749,Male,74,Ghaziabad,O+,12/24/2025
1750,Patient_1750,Female,72,Delhi,B-,12/22/2023
1751,Patient_1751,Female,20,Delhi,O+,8/23/2023
1752,Patient_1752,Male,41,Meerut,A+,8/15/2023
1753,Patient_1753,Female,40,Noida,O-,2/18/2023
1754,Patient_1754,Female,76,Ghaziabad,AB+,4/28/2023
1755,Patient_1755,Female,80,Muzaffarnagar,O+,2/23/2023
1756,Patient_1756,Female,78,Muzaffarnagar,O-,7/18/2024
1757,Patient_1757,Female,25,Jaipur,A-,12/3/2025
1758,Patient_1758,Male,71,Delhi,A-,2/22/2023
1759,Patient_1759,Male,74,Agra,O-,7/11/2024
1760,Patient_1760,Male,64,Meerut,O-,1/30/2026
1761,Patient_1761,Female,54,Agra,A+,5/17/2025
1762,Patient_1762,Female,20,Meerut,B-,2/2/2024
1763,Patient_1763,Male,68,Muzaffarnagar,AB+,3/7/2026
1764,Patient_1764,Female,50,Jaipur,B+,11/5/2024
1765,Patient_1765,Male,45,Jaipur,A+,1/22/2024
1766,Patient_1766,Male,64,Jaipur,B-,4/21/2023
1767,Patient_1767,Male,25,Ghaziabad,O-,9/5/2024
1768,Patient_1768,Female,51,Noida,B+,1/17/2023
1769,Patient_1769,Female,52,Ghaziabad,O-,6/2/2025
1770,Patient_1770,Male,49,Lucknow,O-,6/24/2024
1771,Patient_1771,Male,41,Lucknow,A-,6/20/2023
1772,Patient_1772,Male,31,Agra,A-,2/13/2024
1773,Patient_1773,Male,49,Noida,B+,1/9/2025
1774,Patient_1774,Female,73,Muzaffarnagar,A+,5/7/2025
1775,Patient_1775,Female,63,Noida,A-,8/18/2023
1776,Patient_1776,Male,60,Meerut,AB+,4/29/2023
1777,Patient_1777,Male,33,Lucknow,O-,3/25/2026
1778,Patient_1778,Female,21,Delhi,AB-,2/22/2025
1779,Patient_1779,Female,69,Delhi,O+,4/9/2024
1780,Patient_1780,Male,54,Muzaffarnagar,B+,4/14/2023
1781,Patient_1781,Male,71,Meerut,B+,11/28/2024
1782,Patient_1782,Male,38,Agra,A-,6/24/2023
1783,Patient_1783,Female,31,Ghaziabad,A+,1/14/2025
1784,Patient_1784,Female,48,Meerut,O-,3/3/2026
1785,Patient_1785,Female,72,Delhi,AB+,10/26/2024
1786,Patient_1786,Male,65,Delhi,A+,2/2/2023
1787,Patient_1787,Male,35,Agra,B-,2/24/2023
1788,Patient_1788,Female,24,Lucknow,B-,6/2/2024
1789,Patient_1789,Female,27,Meerut,AB-,1/25/2025
1790,Patient_1790,Male,24,Meerut,A-,1/12/2023
1791,Patient_1791,Female,50,Delhi,A-,12/20/2024
1792,Patient_1792,Female,40,Ghaziabad,A-,7/8/2024
1793,Patient_1793,Male,38,Muzaffarnagar,AB-,1/8/2024
1794,Patient_1794,Female,36,Jaipur,B-,4/28/2024
1795,Patient_1795,Male,65,Muzaffarnagar,A+,8/30/2025
1796,Patient_1796,Male,78,Meerut,AB-,9/14/2024
1797,Patient_1797,Male,36,Muzaffarnagar,AB-,11/3/2023
1798,Patient_1798,Male,53,Delhi,A+,4/1/2024
1799,Patient_1799,Male,46,Delhi,A-,6/9/2023
1800,Patient_1800,Male,77,Agra,AB+,11/27/2023
1801,Patient_1801,Male,35,Meerut,A+,2/14/2025
1802,Patient_1802,Female,19,Agra,B-,8/13/2023
1803,Patient_1803,Male,18,Meerut,B+,9/9/2025
1804,Patient_1804,Male,64,Jaipur,O-,12/29/2024
1805,Patient_1805,Female,22,Jaipur,B+,12/4/2025
1806,Patient_1806,Female,37,Lucknow,O+,12/18/2025
1807,Patient_1807,Female,28,Meerut,O+,10/5/2024
1808,Patient_1808,Male,59,Ghaziabad,AB-,9/7/2024
1809,Patient_1809,Female,80,Muzaffarnagar,O-,7/14/2023
1810,Patient_1810,Male,19,Meerut,B+,5/3/2024
1811,Patient_1811,Male,20,Noida,AB+,6/6/2023
1812,Patient_1812,Male,40,Lucknow,A-,9/1/2024
1813,Patient_1813,Male,72,Noida,B-,2/16/2024
1814,Patient_1814,Female,29,Delhi,O+,1/7/2026
1815,Patient_1815,Female,37,Jaipur,AB+,2/21/2026
1816,Patient_1816,Male,22,Muzaffarnagar,B-,4/15/2024
1817,Patient_1817,Male,54,Meerut,B-,5/30/2024
1818,Patient_1818,Male,55,Noida,A-,2/1/2026
1819,Patient_1819,Female,47,Muzaffarnagar,O-,1/28/2024
1820,Patient_1820,Male,26,Delhi,AB-,9/22/2024
1821,Patient_1821,Male,51,Jaipur,B+,8/30/2024
1822,Patient_1822,Female,70,Ghaziabad,A-,9/6/2025
1823,Patient_1823,Female,61,Lucknow,AB+,3/9/2024
1824,Patient_1824,Male,52,Muzaffarnagar,AB-,3/12/2026
1825,Patient_1825,Female,69,Muzaffarnagar,AB+,6/23/2024
1826,Patient_1826,Female,75,Ghaziabad,AB-,10/5/2023
1827,Patient_1827,Male,39,Muzaffarnagar,O-,8/21/2023
1828,Patient_1828,Female,61,Delhi,O+,1/18/2026
1829,Patient_1829,Male,41,Delhi,AB+,12/28/2023
1830,Patient_1830,Female,34,Ghaziabad,A-,1/26/2023
1831,Patient_1831,Male,27,Lucknow,AB-,11/14/2025
1832,Patient_1832,Male,47,Meerut,AB-,5/21/2024
1833,Patient_1833,Male,73,Noida,B-,9/24/2023
1834,Patient_1834,Female,76,Meerut,B-,4/5/2024
1835,Patient_1835,Male,63,Muzaffarnagar,A+,3/31/2024
1836,Patient_1836,Female,40,Noida,AB+,12/27/2025
1837,Patient_1837,Male,49,Agra,B-,10/3/2025
1838,Patient_1838,Male,34,Ghaziabad,A+,5/12/2025
1839,Patient_1839,Female,67,Ghaziabad,O+,5/5/2024
1840,Patient_1840,Male,68,Lucknow,O+,12/8/2025
1841,Patient_1841,Male,34,Noida,B-,7/17/2024
1842,Patient_1842,Female,31,Delhi,AB+,1/30/2026
1843,Patient_1843,Male,26,Noida,AB-,8/4/2023
1844,Patient_1844,Male,57,Muzaffarnagar,B+,7/12/2024
1845,Patient_1845,Male,19,Delhi,O-,6/8/2023
1846,Patient_1846,Male,62,Jaipur,AB+,5/3/2024
1847,Patient_1847,Female,42,Jaipur,O-,11/16/2024
1848,Patient_1848,Female,56,Agra,A-,3/4/2025
1849,Patient_1849,Male,26,Jaipur,O+,1/5/2023
1850,Patient_1850,Female,71,Ghaziabad,B-,12/27/2023
1851,Patient_1851,Male,39,Noida,B-,4/3/2024
1852,Patient_1852,Female,60,Jaipur,O-,9/5/2023
1853,Patient_1853,Male,63,Meerut,AB-,8/3/2025
1854,Patient_1854,Male,21,Lucknow,O-,2/26/2024
1855,Patient_1855,Male,43,Meerut,A-,1/15/2023
1856,Patient_1856,Male,75,Jaipur,AB-,1/5/2025
1857,Patient_1857,Male,46,Agra,A-,2/19/2026
1858,Patient_1858,Male,62,Lucknow,B+,10/4/2023
1859,Patient_1859,Female,51,Muzaffarnagar,O+,3/28/2024
1860,Patient_1860,Male,40,Meerut,B-,8/20/2024
1861,Patient_1861,Female,54,Agra,B-,3/21/2024
1862,Patient_1862,Male,28,Noida,B+,7/29/2023
1863,Patient_1863,Female,23,Noida,A+,12/14/2024
1864,Patient_1864,Female,35,Meerut,O+,10/29/2023
1865,Patient_1865,Female,38,Jaipur,AB-,1/3/2023
1866,Patient_1866,Male,59,Agra,B+,9/16/2025
1867,Patient_1867,Male,53,Noida,AB-,1/21/2026
1868,Patient_1868,Female,58,Muzaffarnagar,O-,6/3/2024
1869,Patient_1869,Male,55,Delhi,AB+,5/7/2024
1870,Patient_1870,Female,51,Jaipur,B-,9/11/2024
1871,Patient_1871,Male,34,Agra,AB-,3/30/2026
1872,Patient_1872,Female,54,Muzaffarnagar,A-,11/27/2023
1873,Patient_1873,Female,42,Agra,AB-,11/29/2023
1874,Patient_1874,Male,55,Lucknow,AB+,2/19/2023
1875,Patient_1875,Female,75,Muzaffarnagar,O+,5/12/2025
1876,Patient_1876,Male,29,Jaipur,B-,9/29/2023
1877,Patient_1877,Female,40,Lucknow,O-,8/2/2024
1878,Patient_1878,Female,70,Jaipur,B+,7/13/2024
1879,Patient_1879,Male,59,Noida,O-,11/26/2024
1880,Patient_1880,Male,39,Delhi,AB+,1/18/2026
1881,Patient_1881,Male,38,Jaipur,B-,3/21/2024
1882,Patient_1882,Female,44,Jaipur,AB-,10/13/2025
1883,Patient_1883,Male,74,Noida,O+,3/8/2026
1884,Patient_1884,Female,48,Ghaziabad,A+,12/23/2023
1885,Patient_1885,Female,23,Noida,O+,10/1/2023
1886,Patient_1886,Male,44,Lucknow,A+,11/8/2025
1887,Patient_1887,Male,57,Noida,A-,11/7/2023
1888,Patient_1888,Female,51,Noida,O+,5/19/2025
1889,Patient_1889,Female,29,Delhi,B-,6/4/2025
1890,Patient_1890,Male,62,Noida,A+,6/3/2023
1891,Patient_1891,Male,74,Agra,B+,9/11/2024
1892,Patient_1892,Male,70,Jaipur,B-,6/1/2025
1893,Patient_1893,Male,24,Agra,B+,3/7/2025
1894,Patient_1894,Male,27,Delhi,O+,5/5/2023
1895,Patient_1895,Female,62,Meerut,B+,9/10/2024
1896,Patient_1896,Female,34,Ghaziabad,A+,9/2/2023
1897,Patient_1897,Female,43,Agra,B-,4/27/2025
1898,Patient_1898,Female,38,Delhi,AB-,3/25/2024
1899,Patient_1899,Male,45,Lucknow,AB+,7/18/2025
1900,Patient_1900,Male,79,Meerut,A+,6/3/2024
1901,Patient_1901,Male,75,Delhi,A+,3/10/2026
1902,Patient_1902,Female,63,Delhi,AB-,12/28/2023
1903,Patient_1903,Female,19,Ghaziabad,B-,1/8/2023
1904,Patient_1904,Male,77,Jaipur,B-,4/22/2024
1905,Patient_1905,Male,71,Agra,O-,5/9/2024
1906,Patient_1906,Female,60,Lucknow,O+,4/12/2025
1907,Patient_1907,Female,18,Muzaffarnagar,B+,11/28/2025
1908,Patient_1908,Male,68,Agra,O+,8/15/2024
1909,Patient_1909,Male,70,Muzaffarnagar,AB-,7/6/2023
1910,Patient_1910,Female,53,Delhi,O+,1/23/2025
1911,Patient_1911,Male,68,Noida,AB-,4/3/2023
1912,Patient_1912,Male,43,Lucknow,B-,3/27/2023
1913,Patient_1913,Male,46,Meerut,B+,12/3/2025
1914,Patient_1914,Female,38,Noida,O+,5/17/2023
1915,Patient_1915,Female,28,Noida,A+,2/25/2024
1916,Patient_1916,Female,57,Agra,A-,3/15/2023
1917,Patient_1917,Female,28,Lucknow,O-,3/25/2026
1918,Patient_1918,Female,53,Jaipur,AB+,6/20/2023
1919,Patient_1919,Female,66,Delhi,A+,6/19/2023
1920,Patient_1920,Female,76,Delhi,B-,5/21/2025
1921,Patient_1921,Male,56,Delhi,AB+,11/18/2023
1922,Patient_1922,Male,57,Delhi,A-,3/31/2024
1923,Patient_1923,Male,52,Agra,A-,8/1/2025
1924,Patient_1924,Male,71,Muzaffarnagar,B+,2/28/2025
1925,Patient_1925,Male,51,Delhi,AB+,9/4/2024
1926,Patient_1926,Male,72,Muzaffarnagar,B+,3/24/2026
1927,Patient_1927,Male,64,Muzaffarnagar,A+,6/7/2025
1928,Patient_1928,Female,41,Jaipur,AB-,12/15/2023
1929,Patient_1929,Female,71,Delhi,AB-,4/11/2026
1930,Patient_1930,Male,39,Ghaziabad,AB-,1/10/2023
1931,Patient_1931,Male,22,Meerut,AB+,1/9/2025
1932,Patient_1932,Female,73,Noida,AB-,10/28/2024
1933,Patient_1933,Male,50,Muzaffarnagar,A+,6/29/2024
1934,Patient_1934,Male,75,Lucknow,B+,5/9/2023
1935,Patient_1935,Female,53,Lucknow,AB+,8/23/2024
1936,Patient_1936,Male,64,Meerut,B+,8/27/2024
1937,Patient_1937,Female,37,Lucknow,AB+,11/23/2023
1938,Patient_1938,Male,36,Ghaziabad,B+,9/6/2025
1939,Patient_1939,Female,52,Lucknow,A-,2/8/2024
1940,Patient_1940,Female,69,Noida,B+,9/20/2024
1941,Patient_1941,Female,60,Noida,AB-,12/18/2024
1942,Patient_1942,Male,34,Muzaffarnagar,A-,11/6/2025
1943,Patient_1943,Female,79,Delhi,B+,10/1/2023
1944,Patient_1944,Male,76,Jaipur,AB+,11/15/2024
1945,Patient_1945,Male,62,Ghaziabad,AB+,4/26/2023
1946,Patient_1946,Male,60,Muzaffarnagar,O-,5/10/2025
1947,Patient_1947,Male,51,Ghaziabad,AB+,11/23/2024
1948,Patient_1948,Female,26,Delhi,B-,1/19/2026
1949,Patient_1949,Female,43,Agra,A+,1/10/2026
1950,Patient_1950,Male,19,Lucknow,AB+,11/20/2023
1951,Patient_1951,Male,70,Lucknow,A-,8/18/2025
1952,Patient_1952,Female,26,Jaipur,O-,4/24/2023
1953,Patient_1953,Male,26,Delhi,AB+,12/17/2025
1954,Patient_1954,Female,57,Muzaffarnagar,B-,6/3/2023
1955,Patient_1955,Male,34,Jaipur,AB-,11/11/2023
1956,Patient_1956,Male,18,Delhi,A-,11/30/2025
1957,Patient_1957,Female,42,Meerut,B-,4/15/2023
1958,Patient_1958,Male,78,Noida,AB-,12/20/2023
1959,Patient_1959,Female,60,Jaipur,O+,10/12/2025
1960,Patient_1960,Male,57,Jaipur,O+,1/2/2025
1961,Patient_1961,Male,59,Muzaffarnagar,A-,12/9/2024
1962,Patient_1962,Male,42,Ghaziabad,B+,10/12/2024
1963,Patient_1963,Female,56,Meerut,A+,4/3/2025
1964,Patient_1964,Male,52,Muzaffarnagar,O-,8/4/2025
1965,Patient_1965,Male,20,Delhi,A+,10/22/2024
1966,Patient_1966,Male,67,Delhi,B-,4/9/2023
1967,Patient_1967,Male,54,Delhi,AB-,8/10/2024
1968,Patient_1968,Female,61,Agra,A+,10/9/2023
1969,Patient_1969,Female,61,Delhi,AB-,2/7/2024
1970,Patient_1970,Male,68,Ghaziabad,AB-,2/6/2026
1971,Patient_1971,Female,47,Meerut,B-,11/30/2024
1972,Patient_1972,Male,55,Lucknow,B-,7/18/2023
1973,Patient_1973,Male,51,Noida,B-,11/23/2023
1974,Patient_1974,Male,29,Ghaziabad,A+,6/3/2023
1975,Patient_1975,Female,36,Ghaziabad,O+,7/5/2024
1976,Patient_1976,Female,54,Agra,B-,2/9/2024
1977,Patient_1977,Female,61,Lucknow,O-,4/6/2024
1978,Patient_1978,Female,76,Lucknow,A+,5/12/2023
1979,Patient_1979,Female,76,Noida,B-,3/1/2025
1980,Patient_1980,Female,66,Noida,AB+,5/23/2025
1981,Patient_1981,Female,78,Lucknow,AB-,3/25/2023
1982,Patient_1982,Female,34,Delhi,O-,1/23/2025
1983,Patient_1983,Female,27,Ghaziabad,B-,9/19/2024
1984,Patient_1984,Male,74,Muzaffarnagar,A-,2/6/2026
1985,Patient_1985,Female,72,Noida,AB-,8/9/2023
1986,Patient_1986,Female,66,Agra,AB-,7/6/2024
1987,Patient_1987,Female,64,Agra,B-,3/16/2026
1988,Patient_1988,Female,29,Noida,O+,4/22/2023
1989,Patient_1989,Female,79,Lucknow,B+,9/6/2024
1990,Patient_1990,Female,33,Meerut,O+,7/12/2025
1991,Patient_1991,Female,41,Muzaffarnagar,B-,4/19/2024
1992,Patient_1992,Female,36,Muzaffarnagar,AB-,4/15/2025
1993,Patient_1993,Female,25,Noida,O-,9/28/2023
1994,Patient_1994,Female,48,Delhi,A-,2/25/2024
1995,Patient_1995,Female,38,Meerut,O-,12/7/2024
1996,Patient_1996,Male,34,Muzaffarnagar,O-,2/9/2023
1997,Patient_1997,Male,40,Noida,AB-,7/8/2023
1998,Patient_1998,Female,54,Agra,O+,4/2/2026
1999,Patient_1999,Female,71,Muzaffarnagar,A-,9/20/2025
2000,Patient_2000,Male,33,Jaipur,A+,6/19/2024
